FIPS,Population
36005000100,2950
36005000200,5061
36005000400,6649
36005001600,5611
36005001901,2260
36005001902,2079
36005001903,0
36005001904,0
36005002001,4199
36005002002,3609
36005002300,4567
36005002400,105
36005002500,5117
36005002701,3111
36005002702,4798
36005002800,5462
36005003100,2788
36005003300,3577
36005003500,3481
36005003700,418
36005003800,1250
36005003900,5581
36005004001,1294
36005004100,6162
36005004200,7755
36005004300,5400
36005004400,4303
36005004600,1478
36005004800,4204
36005005001,4878
36005005002,6275
36005005100,7261
36005005200,1837
36005005300,4065
36005005400,5482
36005005600,2501
36005005902,3019
36005006000,1280
36005006100,3369
36005006200,6363
36005006301,7053
36005006302,0
36005006400,4194
36005006500,5024
36005006700,7664
36005006800,2542
36005006900,6077
36005007000,4408
36005007100,2805
36005007200,4845
36005007300,4325
36005007400,3280
36005007500,6353
36005007600,5252
36005007700,1966
36005007800,5633
36005007900,6829
36005008300,6287
36005008400,3108
36005008500,5866
36005008600,3849
36005008700,5914
36005008900,2949
36005009000,3861
36005009200,5888
36005009301,5754
36005009302,319
36005009600,1978
36005009800,4080
36005011000,0
36005011502,3935
36005011701,1262
36005011702,0
36005011800,5057
36005011900,5879
36005012101,3293
36005012102,1429
36005012300,4712
36005012500,4001
36005012701,2129
36005012901,4944
36005013000,1388
36005013100,5288
36005013200,7083
36005013300,6087
36005013500,4075
36005013800,3062
36005014100,7856
36005014300,1647
36005014400,6128
36005014500,6899
36005014701,6094
36005014702,4950
36005014900,4714
36005015100,5216
36005015200,2562
36005015300,3603
36005015500,3016
36005015700,6152
36005015800,1490
36005015900,2407
36005016000,3848
36005016100,4703
36005016200,1885
36005016300,0
36005016400,1132
36005016500,1311
36005016600,2395
36005016700,3015
36005016900,1944
36005017100,0
36005017300,5266
36005017500,6264
36005017701,5395
36005017702,5232
36005017901,4968
36005017902,3030
36005018101,2881
36005018102,5324
36005018301,3933
36005018302,3295
36005018400,3886
36005018501,3775
36005018502,5525
36005018900,8244
36005019300,5949
36005019400,2117
36005019500,7738
36005019700,7628
36005019900,6852
36005020000,4419
36005020100,3845
36005020200,2602
36005020400,2829
36005020501,8397
36005020502,2331
36005020601,2852
36005020900,4809
36005021001,7347
36005021002,7434
36005021100,5922
36005021200,5322
36005021301,1289
36005021302,5898
36005021501,4346
36005021502,6235
36005021601,4118
36005021602,6027
36005021700,5006
36005021800,6050
36005021900,1488
36005022000,1872
36005022101,3752
36005022102,5144
36005022200,3330
36005022300,4867
36005022401,2433
36005022403,2782
36005022404,4292
36005022500,8040
36005022701,4942
36005022702,1071
36005022703,1685
36005022800,5744
36005022901,5927
36005022902,3378
36005023000,2889
36005023100,1420
36005023200,2626
36005023301,3841
36005023302,3955
36005023501,2963
36005023502,4490
36005023600,1782
36005023702,1021
36005023703,4959
36005023704,3358
36005023800,2552
36005023900,8591
36005024000,3855
36005024100,6078
36005024300,4134
36005024400,2252
36005024501,4856
36005024502,4226
36005024600,2037
36005024700,1756
36005024800,3699
36005024900,0
36005025000,2763
36005025100,6983
36005025200,2582
36005025300,5503
36005025400,2582
36005025500,6139
36005025600,1582
36005025700,1685
36005026100,2047
36005026300,6381
36005026400,5870
36005026500,6906
36005026601,3214
36005026602,5900
36005026701,3591
36005026702,6841
36005026900,4040
36005027300,6431
36005027401,4973
36005027402,3492
36005027600,154
36005027700,4474
36005027900,8359
36005028100,3565
36005028300,2325
36005028400,374
36005028500,3422
36005028600,1248
36005028700,3543
36005028800,2589
36005028900,4461
36005029301,1874
36005029302,5439
36005029500,4582
36005029600,2367
36005029700,4157
36005030000,6944
36005030100,1570
36005030201,3681
36005030202,6165
36005030701,5743
36005030900,3812
36005031000,4618
36005031200,1489
36005031400,2232
36005031600,1697
36005031800,1820
36005031900,693
36005032300,4981
36005032400,2961
36005032600,3542
36005032800,4132
36005033000,5197
36005033201,4050
36005033202,3628
36005033400,32
36005033500,2236
36005033601,4414
36005033602,1234
36005033700,3198
36005033801,2011
36005033802,1579
36005034000,5049
36005034200,1625
36005034300,1647
36005034400,1717
36005034500,4037
36005034800,6051
36005035000,1887
36005035100,3461
36005035600,2207
36005035800,6673
36005035900,3873
36005036000,2779
36005036100,4690
36005036300,6727
36005036400,2304
36005036501,4287
36005036502,2287
36005036700,2718
36005036800,1958
36005036901,1808
36005036902,2504
36005037000,2362
36005037100,4218
36005037200,2017
36005037300,6202
36005037400,3633
36005037504,4015
36005037600,2115
36005037800,3505
36005037900,6961
36005038000,5023
36005038100,6543
36005038200,2964
36005038301,4553
36005038303,3662
36005038304,2231
36005038500,5218
36005038600,8012
36005038700,3610
36005038800,2752
36005038900,5412
36005039000,3054
36005039100,6071
36005039200,1590
36005039300,8847
36005039400,4323
36005039500,4389
36005039600,3763
36005039700,4219
36005039800,3540
36005039901,4855
36005039902,4719
36005040100,4749
36005040302,4008
36005040303,3999
36005040304,3502
36005040400,3408
36005040501,3327
36005040502,5615
36005040600,3451
36005040701,2839
36005040702,6233
36005040800,4381
36005040900,3323
36005041100,3418
36005041300,7329
36005041400,5483
36005041500,5555
36005041800,3396
36005041900,6215
36005042000,4660
36005042100,5780
36005042200,3209
36005042300,4189
36005042400,2479
36005042500,6810
36005042600,6669
36005042800,2381
36005042901,3397
36005042902,3656
36005043000,3004
36005043101,5051
36005043102,4458
36005043400,3921
36005043501,1011
36005043502,0
36005043503,0
36005043600,2362
36005044200,4007
36005044400,4293
36005044800,2374
36005044901,2045
36005044902,2175
36005045101,1695
36005045102,2068
36005045600,3552
36005045800,5523
36005046000,2800
36005046203,6756
36005046204,5259
36005046205,3633
36005046206,3971
36005046207,6535
36005046208,5145
36005046209,4436
36005048401,3892
36005048402,0
36005050400,0
36005051601,3828
36005051602,0
36047000100,4815
36047000200,1288
36047000301,4501
36047000501,4541
36047000502,2704
36047000700,4243
36047000900,5227
36047001100,1580
36047001300,2518
36047001501,4565
36047001502,5238
36047001801,1588
36047001802,0
36047001803,11
36047001804,0
36047002000,1733
36047002100,6452
36047002200,4650
36047002300,3385
36047002901,3177
36047003000,1844
36047003101,4074
36047003102,0
36047003300,4125
36047003400,3351
36047003500,2178
36047003600,3843
36047003700,4385
36047003800,1539
36047003900,2986
36047004100,3314
36047004300,3769
36047004400,2255
36047004500,3898
36047004600,1143
36047004700,1999
36047004900,2795
36047005000,2564
36047005100,2439
36047005201,1751
36047005202,2681
36047005301,2095
36047005302,123
36047005303,136
36047005400,3425
36047005601,2577
36047005602,1791
36047005800,3115
36047005900,1518
36047006000,2793
36047006200,2653
36047006300,1904
36047006400,3463
36047006500,6089
36047006600,4104
36047006700,4032
36047006800,4117
36047006901,1785
36047006902,1906
36047007000,2591
36047007100,4050
36047007200,1759
36047007400,5478
36047007500,4766
36047007600,4096
36047007700,5974
36047007800,4713
36047008000,3296
36047008200,3985
36047008400,2994
36047008500,6401
36047008600,0
36047008800,3221
36047009001,1305
36047009002,1549
36047009201,1986
36047009202,2648
36047009401,1946
36047009402,3280
36047009600,6040
36047009800,6713
36047010000,5489
36047010100,4606
36047010200,5201
36047010401,2060
36047010402,2174
36047010601,2138
36047010602,2088
36047010801,1878
36047010802,2419
36047011000,2535
36047011200,6611
36047011400,3683
36047011600,3233
36047011700,2792
36047011800,1867
36047011901,1378
36047011902,0
36047012000,1225
36047012100,2157
36047012200,4655
36047012600,3020
36047012700,4286
36047012801,1987
36047012901,2539
36047012902,3822
36047013000,5598
36047013100,3533
36047013200,2088
36047013300,4264
36047013400,4209
36047013500,4294
36047013600,4090
36047013700,3101
36047013800,3800
36047013900,3574
36047014000,1791
36047014101,1483
36047014102,2032
36047014200,3534
36047014300,3675
36047014500,4681
36047014700,2373
36047014800,1233
36047014901,1540
36047014902,4054
36047015000,1437
36047015100,4060
36047015200,2294
36047015300,2638
36047015400,0
36047015500,3443
36047015700,5071
36047015900,5377
36047016000,4426
36047016100,3468
36047016200,2267
36047016300,4370
36047016400,980
36047016500,5742
36047016600,2201
36047016700,4800
36047016800,1763
36047016900,4714
36047017000,3503
36047017100,4139
36047017200,2746
36047017400,1925
36047017500,0
36047017600,2228
36047017700,0
36047017800,2517
36047017900,4183
36047018000,2948
36047018100,3905
36047018200,3708
36047018300,2821
36047018400,2108
36047018501,4583
36047018600,1907
36047018700,1356
36047018800,2865
36047019000,4171
36047019100,3029
36047019200,3118
36047019300,6619
36047019400,3293
36047019500,4104
36047019600,3872
36047019700,3619
36047019800,1823
36047019900,4311
36047020000,2337
36047020100,3993
36047020200,1717
36047020300,2074
36047020400,2037
36047020500,3834
36047020600,2590
36047020700,4628
36047020800,2573
36047021000,3794
36047021100,2778
36047021200,3150
36047021300,4523
36047021400,2580
36047021500,5595
36047021600,3885
36047021700,4210
36047021800,2760
36047021900,4258
36047022000,5854
36047022100,3724
36047022200,4050
36047022400,5786
36047022600,2844
36047022700,4833
36047022800,3496
36047022900,3650
36047023000,4202
36047023100,3530
36047023200,6611
36047023300,5988
36047023400,5663
36047023500,5527
36047023600,6444
36047023800,5584
36047024000,5598
36047024100,3154
36047024200,3402
36047024300,4419
36047024400,3556
36047024500,4383
36047024600,3298
36047024700,2547
36047024800,2543
36047024900,4147
36047025000,1433
36047025100,3990
36047025200,4460
36047025300,3904
36047025400,3437
36047025500,4940
36047025600,2815
36047025700,3370
36047025800,4068
36047025901,2217
36047025902,3796
36047026000,2909
36047026100,5743
36047026200,2645
36047026300,2216
36047026400,4554
36047026500,4101
36047026600,3431
36047026700,4057
36047026800,4416
36047026900,3444
36047027000,2582
36047027100,3652
36047027200,3750
36047027300,4176
36047027400,2943
36047027500,5272
36047027600,3680
36047027700,4303
36047027800,3134
36047027900,4266
36047028000,1708
36047028100,5240
36047028200,3239
36047028300,3976
36047028400,3675
36047028501,589
36047028502,3144
36047028600,5092
36047028700,3398
36047028800,3578
36047028900,4147
36047029000,3710
36047029100,3461
36047029200,2501
36047029300,3181
36047029400,2072
36047029500,4043
36047029600,6463
36047029700,4004
36047029800,3877
36047029900,3328
36047030000,4165
36047030100,3171
36047030200,3850
36047030300,5477
36047030400,4525
36047030500,6968
36047030600,1903
36047030700,6299
36047030800,1792
36047030900,2279
36047031100,3534
36047031300,4415
36047031401,4912
36047031402,0
36047031500,5179
36047031701,4300
36047031702,3622
36047031900,3412
36047032100,4995
36047032300,3589
36047032500,7964
36047032600,10531
36047032700,2980
36047032800,2921
36047032900,5411
36047033000,4721
36047033100,3822
36047033300,4519
36047033500,3743
36047033600,4762
36047033701,2742
36047033702,1993
36047033900,5012
36047034000,2172
36047034100,2564
36047034200,6667
36047034300,4548
36047034500,2703
36047034700,3728
36047034800,3011
36047034901,2324
36047034902,3396
36047035000,3169
36047035101,1735
36047035102,3400
36047035200,1529
36047035301,2483
36047035302,3064
36047035400,6075
36047035500,5046
36047035601,2326
36047035602,6581
36047035701,2398
36047035702,0
36047035900,6794
36047036001,2844
36047036002,3731
36047036100,3358
36047036200,3090
36047036300,5430
36047036400,2288
36047036501,3139
36047036502,2389
36047036600,4362
36047036700,2091
36047036900,5626
36047037000,4171
36047037100,4309
36047037300,4952
36047037401,4758
36047037402,5843
36047037500,3748
36047037700,5090
36047037900,4012
36047038100,5138
36047038200,5225
36047038300,5466
36047038500,3823
36047038600,3042
36047038700,5312
36047038800,5353
36047038900,3277
36047039000,2681
36047039100,5428
36047039200,3091
36047039300,3798
36047039400,2259
36047039500,4083
36047039600,1708
36047039700,3356
36047039800,2586
36047039900,3745
36047040000,2570
36047040100,3354
36047040200,2414
36047040300,3982
36047040400,2604
36047040500,1653
36047040600,3726
36047040700,0
36047040800,3676
36047040900,3891
36047041000,1899
36047041100,2631
36047041200,2789
36047041300,3851
36047041401,1237
36047041402,2062
36047041500,4300
36047041600,1784
36047041700,3402
36047041800,2350
36047041900,3479
36047042000,1662
36047042100,4712
36047042200,3163
36047042300,4523
36047042400,3723
36047042500,2709
36047042600,4528
36047042700,4098
36047042800,3636
36047042900,4630
36047043000,3666
36047043100,3864
36047043200,3874
36047043300,4029
36047043400,4095
36047043500,4897
36047043600,4341
36047043700,5034
36047043800,2530
36047043900,4172
36047044000,2586
36047044100,4638
36047044200,2268
36047044300,4740
36047044400,2677
36047044500,3944
36047044600,2123
36047044700,2337
36047044800,1914
36047044901,2715
36047044902,0
36047045000,1147
36047045200,2543
36047045300,1823
36047045400,2075
36047045600,2362
36047045800,1373
36047046000,2997
36047046201,2311
36047046202,1914
36047046400,3327
36047046800,1826
36047047000,2629
36047047200,2840
36047047400,3211
36047047600,3865
36047047700,3918
36047047800,5251
36047048000,3863
36047048100,3010
36047048200,5580
36047048400,4912
36047048500,2369
36047048600,3189
36047048800,4933
36047048900,3597
36047049000,5371
36047049100,6213
36047049200,3115
36047049301,1941
36047049302,4714
36047049400,5710
36047049500,3284
36047049600,4225
36047049700,3361
36047049800,3950
36047049900,2480
36047050001,2282
36047050002,1548
36047050100,3089
36047050202,2413
36047050300,2803
36047050401,2518
36047050402,1950
36047050500,4121
36047050600,5233
36047050700,4369
36047050801,3910
36047050803,2282
36047050804,6637
36047050900,5206
36047051001,4488
36047051002,3675
36047051100,3817
36047051200,6227
36047051300,5970
36047051400,7213
36047051500,2891
36047051601,4936
36047051602,3477
36047051700,3087
36047051800,3391
36047051900,6051
36047052000,3511
36047052300,5077
36047052500,3321
36047052600,3938
36047052700,5553
36047052800,1764
36047052900,3723
36047053000,3329
36047053101,3020
36047053102,7846
36047053200,2280
36047053300,6551
36047053400,4620
36047053500,4611
36047053700,4803
36047053800,5186
36047053900,2470
36047054200,4061
36047054300,0
36047054400,3544
36047054500,8349
36047054600,5373
36047054700,9666
36047054800,2304
36047054900,4530
36047055000,3408
36047055100,6185
36047055200,3359
36047055300,3605
36047055400,3989
36047055500,8974
36047055600,3353
36047055700,1702
36047055800,2145
36047056000,3477
36047056100,3698
36047056200,1779
36047056301,4688
36047056302,2449
36047056400,2631
36047056500,3332
36047056600,2287
36047056800,1319
36047056900,1662
36047057000,3480
36047057100,3923
36047057200,5501
36047057300,2720
36047057400,2647
36047057500,4596
36047057600,2649
36047057800,2923
36047057901,1512
36047057902,0
36047058000,3008
36047058200,2585
36047058400,3588
36047058600,2264
36047058800,3539
36047058901,2103
36047058902,0
36047059000,1903
36047059100,3952
36047059200,3747
36047059300,2669
36047059402,5713
36047059403,3062
36047059404,3934
36047059600,2261
36047059800,3212
36047060000,6451
36047060600,2792
36047060800,3549
36047061002,4696
36047061003,2038
36047061004,5278
36047061200,1118
36047061600,1626
36047062000,1516
36047062200,2822
36047062600,3046
36047062800,4838
36047063200,1409
36047063600,1093
36047063800,1882
36047064000,1327
36047064200,2379
36047064400,2182
36047064600,2154
36047064800,1828
36047065000,1286
36047065200,1121
36047065400,1654
36047065600,1675
36047065800,1756
36047066000,1893
36047066200,1159
36047066600,0
36047067000,2486
36047067200,1389
36047067400,1909
36047067600,1510
36047067800,2569
36047068000,1759
36047068200,2907
36047068600,1649
36047068800,1584
36047069000,1668
36047069200,2301
36047069601,3434
36047069602,5847
36047069800,1397
36047070000,1214
36047070201,6531
36047070202,14
36047070203,0
36047070601,2437
36047070602,0
36047072000,1678
36047072200,2242
36047072400,1586
36047072600,2672
36047072800,3153
36047073000,2109
36047073200,1877
36047073400,1142
36047073600,2918
36047073800,3517
36047074000,3287
36047074200,2516
36047074400,2648
36047074600,2385
36047074800,1504
36047075000,2804
36047075200,1146
36047075400,1000
36047075600,1720
36047075800,1400
36047076000,3205
36047076200,4224
36047076400,4302
36047076600,2126
36047076800,3895
36047077000,2780
36047077200,3068
36047077400,2906
36047077600,3448
36047078000,2170
36047078200,4086
36047078400,2463
36047078601,2220
36047078602,2104
36047078801,1695
36047078802,1790
36047079001,1664
36047079002,2768
36047079201,1382
36047079202,1942
36047079400,2366
36047079601,3232
36047079602,5073
36047079801,3316
36047079802,5004
36047080000,3217
36047080200,3878
36047080400,3033
36047080600,4038
36047080800,2044
36047081000,2101
36047081400,2692
36047081600,2893
36047081800,4639
36047082000,4651
36047082200,7104
36047082400,5125
36047082600,4122
36047082800,3604
36047083000,5673
36047083200,2094
36047083400,1839
36047083600,1984
36047083800,1931
36047084000,2226
36047084600,2038
36047084800,1445
36047085000,1383
36047085200,0
36047085400,2062
36047085600,3161
36047085800,1951
36047086000,2627
36047086200,2626
36047086400,2219
36047086600,2984
36047086800,2952
36047087000,3006
36047087200,3127
36047087401,3127
36047087600,1798
36047087800,2592
36047088001,1702
36047088002,1220
36047088200,6535
36047088400,5208
36047088600,4340
36047088800,3783
36047089000,7674
36047089200,2876
36047089400,3513
36047089600,3956
36047089800,2316
36047090000,4964
36047090200,4017
36047090600,4344
36047090800,6230
36047091000,5837
36047091200,6301
36047091600,5619
36047091800,2453
36047092000,3202
36047092200,2842
36047092400,3420
36047092800,2663
36047093000,2986
36047093200,1565
36047093400,2175
36047093600,1529
36047093800,2227
36047094401,3158
36047094402,2371
36047094600,1772
36047095000,2333
36047095400,3875
36047095600,3666
36047095800,2760
36047096000,0
36047096200,1315
36047096400,2086
36047096600,1883
36047096800,1224
36047097000,1935
36047097400,2415
36047098200,3962
36047098400,1924
36047098600,2341
36047098800,2752
36047099000,1479
36047099200,1642
36047099400,1525
36047099600,3079
36047099800,3348
36047100400,2423
36047100600,2670
36047100800,2161
36047101000,2577
36047101200,2119
36047101400,1796
36047101600,1897
36047101800,1789
36047102000,2151
36047102200,2067
36047102400,1834
36047102600,2935
36047102801,1146
36047102802,0
36047103401,3637
36047103402,0
36047105801,5655
36047105804,6083
36047107001,4672
36047107002,0
36047107003,0
36047107800,3716
36047109800,2348
36047110400,5199
36047110600,4117
36047111000,2984
36047111600,3810
36047111800,3872
36047112000,3249
36047112200,3500
36047112400,3380
36047112600,4406
36047112800,3933
36047113000,4490
36047113200,2637
36047113400,2615
36047114201,1548
36047114202,2331
36047114400,2423
36047114600,3130
36047115000,2962
36047115200,2558
36047115600,4108
36047115800,2529
36047116000,2420
36047116200,2571
36047116400,3936
36047116600,2998
36047116800,2661
36047117000,1952
36047117201,1961
36047117202,4720
36047117400,3827
36047117601,3029
36047117602,3393
36047117800,1777
36047118000,0
36047118201,3674
36047118202,3288
36047118400,4826
36047118600,3099
36047118800,4778
36047119000,1785
36047119200,3885
36047119400,4816
36047119600,5979
36047119800,3514
36047120000,2922
36047120200,1999
36047120801,4834
36047120802,5247
36047120803,1350
36047121000,3738
36047121400,4512
36047122000,6991
36047123700,9642
36047150200,2884
36047152200,2913
36047990100,0
36061000100,0
36061000201,2666
36061000202,6763
36061000500,0
36061000600,10302
36061000700,9134
36061000800,8747
36061000900,1966
36061001001,1745
36061001002,6513
36061001200,4173
36061001300,5062
36061001401,3707
36061001402,3463
36061001501,7677
36061001502,8375
36061001600,7221
36061001800,6706
36061002000,5048
36061002100,7441
36061002201,6795
36061002202,2502
36061002400,4523
36061002500,4476
36061002601,4199
36061002602,3528
36061002700,1101
36061002800,6509
36061002901,562
36061002902,3493
36061003001,4270
36061003002,2833
36061003100,2910
36061003200,7866
36061003300,5951
36061003400,6990
36061003601,3050
36061003602,3444
36061003700,3460
36061003800,7282
36061003900,5699
36061004001,3304
36061004002,6268
36061004100,6889
36061004200,5141
36061004300,3524
36061004400,16963
36061004500,957
36061004700,2187
36061004800,6972
36061004900,4203
36061005000,4774
36061005200,3543
36061005400,4453
36061005501,5346
36061005502,1899
36061005600,3822
36061005700,2600
36061005800,3986
36061005900,5120
36061006000,5077
36061006100,5319
36061006200,3886
36061006300,5759
36061006400,7729
36061006500,5585
36061006600,11034
36061006700,4652
36061006800,6430
36061006900,2681
36061007001,3997
36061007002,3479
36061007100,5231
36061007200,7113
36061007300,5393
36061007400,5355
36061007500,3898
36061007600,2362
36061007700,5600
36061007800,8015
36061007900,4458
36061008000,5319
36061008100,6191
36061008200,3450
36061008300,3614
36061008400,1765
36061008601,3332
36061008602,0
36061008603,4970
36061008700,5376
36061008800,7567
36061008900,5890
36061009000,7239
36061009100,6539
36061009200,1387
36061009300,9559
36061009400,70
36061009500,3765
36061009600,560
36061009700,4875
36061009800,8874
36061009901,1948
36061009902,4019
36061009903,1465
36061010000,1618
36061010100,1862
36061010200,267
36061010300,3410
36061010400,1058
36061010601,7753
36061010602,5214
36061010801,3161
36061010802,4136
36061010803,1922
36061010900,208
36061011000,6760
36061011100,4711
36061011201,862
36061011202,518
36061011203,986
36061011300,136
36061011401,1026
36061011402,2298
36061011500,3947
36061011600,2721
36061011700,5363
36061011800,9264
36061011900,1352
36061012000,3489
36061012101,3217
36061012102,5029
36061012200,3103
36061012400,8984
36061012500,2704
36061012601,7014
36061012602,4980
36061012700,6307
36061012800,5163
36061012901,6806
36061012902,2594
36061013000,3336
36061013100,3485
36061013201,2364
36061013202,3616
36061013203,4276
36061013300,6146
36061013400,10475
36061013501,4872
36061013502,5873
36061013601,1979
36061013602,6373
36061013603,4459
36061013604,4030
36061013700,6600
36061013800,11607
36061013900,9952
36061014000,8051
36061014200,3979
36061014300,0
36061014401,5006
36061014402,6799
36061014500,7329
36061014601,3940
36061014602,8144
36061014700,2840
36061014801,3127
36061014802,7150
36061014900,6074
36061015001,2141
36061015002,4904
36061015101,3476
36061015102,9611
36061015200,7667
36061015301,4799
36061015302,5448
36061015401,4594
36061015402,3724
36061015403,5055
36061015501,4969
36061015502,5500
36061015601,5172
36061015602,2244
36061015700,10669
36061015801,5188
36061015802,4260
36061015900,9194
36061016001,3118
36061016002,3183
36061016100,5756
36061016200,9320
36061016300,7253
36061016400,8310
36061016500,7098
36061016600,6888
36061016700,7884
36061016800,5041
36061016900,8103
36061017000,8791
36061017100,8464
36061017200,5630
36061017300,9343
36061017401,5321
36061017402,2887
36061017500,10499
36061017700,10030
36061017800,3786
36061017900,9875
36061018000,6980
36061018100,8408
36061018200,7266
36061018300,8440
36061018400,8225
36061018500,5060
36061018600,6104
36061018700,9907
36061018800,4685
36061018900,10267
36061019000,3735
36061019100,8055
36061019200,3868
36061019300,9211
36061019400,5879
36061019500,7632
36061019600,4166
36061019701,962
36061019702,2531
36061019800,2511
36061019900,8918
36061020000,2763
36061020101,1968
36061020102,4148
36061020300,3989
36061020500,5532
36061020600,3481
36061020701,2826
36061020800,5391
36061020901,3656
36061021000,6552
36061021100,9865
36061021200,5225
36061021303,5804
36061021400,2953
36061021500,3863
36061021600,8912
36061021703,348
36061021800,6128
36061021900,5390
36061022000,6087
36061022102,2350
36061022200,3595
36061022301,7226
36061022302,2870
36061022400,6682
36061022500,11327
36061022600,5673
36061022700,5887
36061022800,5713
36061022900,7702
36061023000,8773
36061023100,7132
36061023200,9183
36061023300,7367
36061023400,5442
36061023501,7506
36061023502,1858
36061023600,11042
36061023700,6677
36061023802,4704
36061023803,3270
36061023804,3546
36061023900,3184
36061024000,2395
36061024100,7915
36061024200,5847
36061024301,4681
36061024302,7627
36061024500,14577
36061024700,6102
36061024900,984
36061025100,2502
36061025300,10189
36061025500,5562
36061025700,4443
36061025900,4790
36061026100,12041
36061026300,8342
36061026500,7702
36061026700,2227
36061026900,7601
36061027100,7742
36061027300,7434
36061027500,3164
36061027700,6441
36061027900,9587
36061028100,3308
36061028300,8040
36061028500,7094
36061028700,3690
36061029100,10870
36061029300,8011
36061029500,7565
36061029700,13
36061029900,3532
36061030300,3309
36061030700,3563
36061030900,10253
36061031100,0
36061031703,5887
36061031704,10097
36061031900,0
36081000101,4665
36081000102,6790
36081000103,35
36081000104,281
36081000200,2439
36081000400,4102
36081000600,3549
36081000701,3691
36081000702,4643
36081000800,3768
36081001000,4636
36081001200,4603
36081001400,3609
36081001600,2650
36081001800,3025
36081001901,1738
36081001902,6561
36081001903,2060
36081002000,1774
36081002200,2021
36081002400,2080
36081002500,6530
36081002600,2236
36081002800,2883
36081003000,1410
36081003100,1715
36081003200,1902
36081003301,4042
36081003302,1056
36081003400,2619
36081003600,3330
36081003700,0
36081003800,2185
36081003900,1480
36081004001,2063
36081004002,1766
36081004200,4651
36081004300,2033
36081004401,3493
36081004500,2758
36081004700,3963
36081005000,0
36081005100,2303
36081005200,2303
36081005300,5188
36081005400,5341
36081005500,1350
36081005700,3800
36081005800,6242
36081005900,4208
36081006100,5207
36081006201,5870
36081006202,7327
36081006300,5613
36081006501,2983
36081006502,3975
36081006900,4767
36081007100,3488
36081007300,3813
36081007500,5002
36081007700,1913
36081007900,2742
36081008100,1530
36081008300,2405
36081008500,1821
36081008600,3341
36081008700,3480
36081008800,3679
36081009100,1928
36081009400,2707
36081009500,1959
36081009600,3072
36081009700,3837
36081009800,2216
36081009900,0
36081010000,3082
36081010100,2686
36081010200,2731
36081010300,3915
36081010400,3746
36081010500,4668
36081010600,2785
36081010701,0
36081010800,3304
36081011000,2818
36081011100,2939
36081011200,2375
36081011300,4445
36081011400,1908
36081011500,2539
36081011600,2226
36081011700,4015
36081011800,2689
36081011900,1602
36081012000,2355
36081012100,2141
36081012200,2939
36081012301,3343
36081012400,2913
36081012500,1360
36081012601,2787
36081012602,2215
36081012800,2129
36081013000,1829
36081013200,1960
36081013400,5802
36081013500,1332
36081013600,1981
36081013700,1874
36081013800,4018
36081014000,4409
36081014100,1613
36081014201,4388
36081014202,2755
36081014300,3853
36081014400,1671
36081014500,2429
36081014700,3066
36081014800,2015
36081014900,2163
36081015000,2233
36081015100,2769
36081015200,2599
36081015300,1821
36081015400,2296
36081015500,2119
36081015600,3184
36081015700,1371
36081015801,3841
36081015802,5464
36081015900,3699
36081016100,2028
36081016300,3956
36081016400,3180
36081016600,4015
36081016800,2923
36081016900,5859
36081017000,2738
36081017101,0
36081017102,344
36081017200,2355
36081017400,2805
36081017600,2302
36081017800,2086
36081017901,1045
36081017902,69
36081018000,1652
36081018101,3532
36081018102,3680
36081018200,2613
36081018300,5058
36081018401,2089
36081018402,2855
36081018501,3696
36081018502,3071
36081018600,1886
36081018700,2760
36081018800,1356
36081018900,3106
36081019000,2736
36081019200,2214
36081019400,2977
36081019600,3175
36081019800,3189
36081019901,459
36081019902,181
36081019903,0
36081020200,1688
36081020400,1986
36081020500,1324
36081020600,1585
36081020800,4190
36081021200,2517
36081021400,5874
36081021601,2512
36081021602,1479
36081021603,0
36081021900,0
36081022001,6402
36081022002,6098
36081022900,0
36081023000,1848
36081023200,4896
36081023501,3614
36081023502,2739
36081023600,3594
36081023800,4502
36081024000,6558
36081024300,5607
36081024500,5102
36081024600,0
36081024700,1506
36081024900,5228
36081025100,5703
36081025301,3660
36081025302,3026
36081025401,3750
36081025402,6013
36081025500,1390
36081025700,1453
36081025800,2693
36081025900,3060
36081026000,2894
36081026100,7175
36081026200,1554
36081026300,4559
36081026400,2479
36081026501,3031
36081026502,1393
36081026600,1941
36081026700,5219
36081026901,4532
36081026902,4447
36081027000,1937
36081027101,5409
36081027102,2643
36081027200,1921
36081027301,3098
36081027302,3813
36081027400,1871
36081027500,6454
36081027600,1551
36081027701,3553
36081027702,3397
36081027800,2497
36081027900,8551
36081028000,1717
36081028100,6090
36081028200,2028
36081028300,7578
36081028400,3343
36081028500,4811
36081028700,6422
36081028801,2813
36081028802,2343
36081028803,0
36081028900,4859
36081029100,6259
36081029300,1214
36081029400,8578
36081029500,3527
36081029700,2391
36081029900,0
36081030600,5516
36081030903,5176
36081030904,2721
36081030905,3780
36081030906,4116
36081031700,5965
36081032000,5501
36081032700,3742
36081032800,2882
36081032900,3715
36081033000,6943
36081033100,0
36081033401,3928
36081033403,4328
36081033404,6091
36081033405,3643
36081033700,2791
36081033900,3166
36081034700,3976
36081035100,3598
36081035200,2833
36081035300,2143
36081035700,4448
36081035800,4547
36081036100,2608
36081036300,2033
36081036500,3289
36081036600,3131
36081036700,2935
36081036800,2918
36081037100,1526
36081037300,2420
36081037501,1487
36081037502,2669
36081037600,6883
36081037700,3567
36081037900,5841
36081038100,6999
36081038301,0
36081038302,0
36081038400,2634
36081039400,3289
36081039800,1485
36081039901,2504
36081039902,1982
36081040000,1410
36081040101,2251
36081040102,3966
36081040200,1557
36081040301,2603
36081040302,4409
36081040400,3671
36081040501,964
36081040502,1686
36081040701,3181
36081040702,4430
36081040901,1818
36081040902,2972
36081041100,4250
36081041300,4596
36081041400,4561
36081041500,3999
36081042400,2652
36081042600,445
36081042700,4260
36081043200,1200
36081043400,1962
36081043701,3468
36081043702,5982
36081043900,4150
36081044000,3824
36081044301,4217
36081044302,4864
36081044400,4178
36081044601,3779
36081044602,4774
36081044800,2871
36081045000,2088
36081045200,911
36081045400,4950
36081045500,12747
36081045600,1183
36081045700,3185
36081045800,2347
36081045900,3480
36081046000,6027
36081046100,2739
36081046200,6102
36081046300,4020
36081046400,1998
36081046500,4147
36081046600,4066
36081046700,6774
36081046800,3763
36081046901,4691
36081046902,3177
36081047000,3187
36081047100,4244
36081047200,3655
36081047300,4242
36081047500,5006
36081047600,1604
36081047801,4075
36081047802,1422
36081047900,6032
36081048000,2370
36081048100,6551
36081048200,1311
36081048301,2061
36081048302,1719
36081048400,4942
36081048500,5205
36081048900,1838
36081049201,2545
36081049202,2338
36081049301,2306
36081049302,3320
36081049500,1272
36081049600,3040
36081049700,2693
36081049900,5121
36081050000,4434
36081050201,1358
36081050202,1398
36081050400,1733
36081050500,1749
36081050600,1504
36081050700,3305
36081050800,2035
36081051000,1490
36081051100,2494
36081051200,2683
36081051300,2621
36081051500,3062
36081051600,2161
36081051700,2068
36081051800,2186
36081052000,1753
36081052100,1841
36081052200,2233
36081052400,2150
36081052500,2152
36081052600,2352
36081052800,1577
36081053000,2510
36081053100,3244
36081053200,2163
36081053401,1968
36081053501,1162
36081053502,0
36081053601,1761
36081053800,1714
36081053901,4129
36081053902,27
36081054000,4325
36081054200,5520
36081054500,3675
36081054700,5210
36081054800,2382
36081054900,5287
36081055100,4363
36081055200,2913
36081055300,2911
36081055400,2599
36081055500,2295
36081055600,2233
36081055700,3386
36081055800,1649
36081055900,1129
36081056000,1695
36081056100,12
36081056200,1399
36081056400,1580
36081056500,1850
36081056600,1546
36081056700,4601
36081056800,4373
36081057700,3926
36081057900,1671
36081058000,4287
36081058100,2779
36081058200,5141
36081058300,3495
36081058500,4010
36081058700,3486
36081058900,4618
36081059000,1258
36081059100,4799
36081059200,1240
36081059300,4040
36081059400,1667
36081059501,1903
36081059502,2676
36081059600,1674
36081059800,1691
36081059900,1493
36081060000,1132
36081060100,2084
36081060300,1924
36081060600,1176
36081060701,0
36081060800,1592
36081061000,1318
36081061200,1839
36081061301,5205
36081061302,0
36081061400,1357
36081061601,2257
36081061602,968
36081061800,2037
36081061900,3046
36081062000,1545
36081062100,2667
36081062200,2069
36081062300,2111
36081062400,0
36081062500,2637
36081062600,3298
36081062700,2831
36081062900,3289
36081063000,1614
36081063200,2499
36081063301,1584
36081063302,1862
36081063500,2655
36081063700,3455
36081063800,3893
36081063900,3113
36081064101,2328
36081064102,0
36081064500,2016
36081064600,3076
36081065000,2862
36081065401,3098
36081065402,0
36081065501,0
36081065600,5282
36081065702,1264
36081065703,3229
36081065900,1974
36081066000,3564
36081066100,1573
36081066301,2712
36081066302,0
36081066401,2241
36081066402,3525
36081066403,5738
36081066404,0
36081066501,4003
36081066701,2576
36081066900,1692
36081067100,2339
36081067700,1893
36081067900,4303
36081068000,5594
36081068200,1091
36081068300,4059
36081068700,4405
36081069000,3756
36081069300,2902
36081069400,4091
36081069500,2363
36081069701,4054
36081069702,4269
36081070300,2324
36081070700,2504
36081070900,2765
36081071100,5759
36081071303,5303
36081071304,6352
36081071305,6007
36081071306,7192
36081071600,0
36081071701,4979
36081071702,4448
36081071900,3299
36081072100,5595
36081072300,2270
36081072900,1406
36081073100,1724
36081073700,2088
36081073900,5420
36081074100,3102
36081074300,3953
36081074500,4275
36081074700,3681
36081074900,1620
36081075701,5031
36081075702,5237
36081076901,5452
36081076902,1570
36081077300,2203
36081077500,2144
36081077902,5643
36081077903,3410
36081077904,5096
36081077905,3284
36081077906,3946
36081077907,3294
36081077908,3061
36081078800,2183
36081079000,3137
36081079200,2732
36081079300,0
36081079701,6565
36081079702,3627
36081079900,3151
36081080301,3964
36081080302,3616
36081080900,7864
36081081400,3997
36081081800,3739
36081083700,5254
36081083800,5291
36081084000,6942
36081084500,4460
36081084601,2687
36081084602,1600
36081084901,3038
36081084902,3774
36081085300,4828
36081085500,5807
36081085700,5814
36081085900,5586
36081086100,2007
36081086300,7479
36081086400,2884
36081086500,4679
36081086900,1980
36081087100,5400
36081088400,8995
36081088902,6357
36081088903,4707
36081089201,9116
36081089202,0
36081090700,1533
36081091602,16
36081091603,4413
36081091604,0
36081091800,8
36081091900,5235
36081092200,2338
36081092500,3799
36081092800,3341
36081092900,7003
36081093401,4231
36081093402,4165
36081093800,5001
36081093900,5819
36081094201,3533
36081094202,5623
36081094203,5730
36081094500,3958
36081094700,2773
36081095400,7184
36081096400,6865
36081097202,3479
36081097204,4254
36081097205,3318
36081097206,2635
36081097207,0
36081097300,2116
36081098100,2486
36081098700,2591
36081099100,7613
36081099200,4359
36081099701,2507
36081099703,3931
36081099704,7118
36081099705,2813
36081099801,9023
36081099802,5375
36081099900,0
36081100801,2911
36081100803,4732
36081100804,5308
36081101002,6112
36081101003,4533
36081101004,6314
36081101700,6826
36081102900,3814
36081103201,6296
36081103202,7864
36081103300,4387
36081103900,6540
36081104700,6679
36081105900,3641
36081107201,2294
36081107202,0
36081108500,2795
36081109300,2899
36081109700,1900
36081109900,3398
36081111300,2714
36081112300,2341
36081112900,2204
36081113300,1428
36081113900,4051
36081114100,2458
36081114700,1854
36081115100,982
36081115500,2189
36081115700,3136
36081115900,3888
36081116100,3624
36081116301,4331
36081116302,3687
36081116700,1892
36081117100,2525
36081117500,4464
36081118100,1952
36081118500,1999
36081118700,2507
36081118900,2100
36081119100,3222
36081119300,2534
36081119500,1363
36081119900,1681
36081120100,1546
36081120300,1551
36081120500,2669
36081120701,3132
36081120702,0
36081121100,0
36081121500,4420
36081122300,3166
36081122702,6209
36081122703,5896
36081122704,5015
36081124100,3822
36081124700,3911
36081125700,3162
36081126500,2085
36081126700,4332
36081127700,2980
36081128300,0
36081129102,3807
36081129103,4179
36081129104,4192
36081130100,4044
36081133300,3886
36081133900,1429
36081134100,2857
36081134701,4809
36081134702,4532
36081136700,5903
36081137700,6759
36081138501,4189
36081138502,92
36081139900,1547
36081140300,2214
36081140901,930
36081140902,2505
36081141700,4300
36081142900,3678
36081143500,2343
36081144100,3002
36081144700,3470
36081145101,1103
36081145102,2361
36081145900,2781
36081146300,2934
36081146700,2762
36081147100,3810
36081147900,4249
36081148300,2974
36081150701,3123
36081150702,3134
36081152901,5613
36081152902,6530
36081155101,2174
36081155103,4328
36081155104,3239
36081156700,1751
36081157101,8073
36081157102,1840
36081157901,5064
36081157902,3681
36081157903,3671
36081161700,4843
36081162100,6340
36081990100,0
36085000300,1889
36085000600,2568
36085000700,5482
36085000800,5178
36085000900,2209
36085001100,4852
36085001700,1638
36085001800,449
36085002001,2904
36085002002,2727
36085002100,5623
36085002700,2627
36085002900,5495
36085003300,3821
36085003600,2615
36085003900,2215
36085004001,2787
36085004002,2411
36085004003,3517
36085004004,3834
36085004700,2941
36085005000,4669
36085005901,3062
36085005902,0
36085006400,3425
36085006700,3069
36085007001,2739
36085007002,5914
36085007400,4854
36085007500,3150
36085007700,1793
36085008100,4784
36085009601,4326
36085009602,3800
36085009701,4523
36085009702,40
36085010500,5637
36085011201,5411
36085011203,7029
36085011204,75
36085011401,2918
36085011402,3192
36085012100,3134
36085012200,4783
36085012500,3229
36085012804,4820
36085012805,2384
36085012806,6075
36085013201,1657
36085013203,7305
36085013204,4948
36085013301,1176
36085013302,3216
36085013400,3868
36085013800,6090
36085014100,2554
36085014604,7039
36085014605,3724
36085014606,6450
36085014607,4754
36085014608,3592
36085014700,3367
36085015100,5070
36085015400,0
36085015601,6214
36085015602,3650
36085015603,5417
36085016901,3586
36085017005,4526
36085017007,6346
36085017009,4880
36085017011,4745
36085017012,5363
36085017013,4617
36085017014,4141
36085017015,3167
36085017016,4461
36085017300,2791
36085017600,5169
36085017701,4246
36085017702,2117
36085018100,3599
36085018701,1915
36085018703,3835
36085018704,4659
36085018901,5814
36085018902,5643
36085019700,1975
36085019800,7350
36085020100,3356
36085020701,3364
36085020702,2928
36085020803,7627
36085020804,5124
36085020805,6559
36085020806,2533
36085021300,5680
36085022300,3263
36085022601,7483
36085022602,1373
36085022801,37
36085022802,0
36085023100,4759
36085023900,3108
36085024401,6270
36085024402,5013
36085024700,2835
36085024800,4769
36085025100,6459
36085027301,4494
36085027302,4872
36085027702,6161
36085027704,5174
36085027705,6119
36085027706,3107
36085027900,2148
36085029102,3355
36085029104,6879
36085029105,4467
36085029106,2845
36085030301,5384
36085030302,6123
36085031901,3948
36085031902,4657
36085032300,1030
36085990100,0
